<project xmlns="http://maven.apache.org/POM/4.0.0" xmlns:xsi="http://www.w3.org/2001/XMLSchema-instance" xsi:schemaLocation="http://maven.apache.org/POM/4.0.0 http://maven.apache.org/xsd/maven-4.0.0.xsd">
  <modelVersion>4.0.0</modelVersion>
  <groupId>edu.stanford.nlp</groupId>
  <artifactId>stanford-corenlp</artifactId>
  <version>4.0.0</version>
  <packaging>jar</packaging>
  <name>Stanford CoreNLP</name>
  <description>Stanford CoreNLP provides a set of natural language analysis tools which can take raw English language text input and give the base forms of words, their parts of speech, whether they are names of companies, people, etc., normalize dates, times, and numeric quantities, mark up the structure of sentences in terms of phrases and word dependencies, and indicate which noun phrases refer to the same entities. It provides the foundational building blocks for higher level text understanding applications.</description>
  <url>https://nlp.stanford.edu/software/corenlp.html</url>
  <licenses>
    <license>
      <name>GNU General Public License Version 3</name>
      <url>http://www.gnu.org/licenses/gpl-3.0.txt</url>
    </license>
  </licenses>
  <scm>
    <url>https://nlp.stanford.edu/software/stanford-corenlp-full-2020-04-16.zip</url>
    <connection>https://nlp.stanford.edu/software/stanford-corenlp-full-2020-04-16.zip</connection>
  </scm>
  <developers>
    <developer>
      <id>christopher.manning</id>
      <name>Christopher Manning</name>
      <email>manning@stanford.edu</email>
    </developer>
    <developer>
      <id>jason.bolton</id>
      <name>Jason Bolton</name>
      <email>jebolton@stanford.edu</email>
    </developer>
    <developer>
      <id>john.bauer</id>
      <name>John Bauer</name>
      <email>horatio@gmail.com</email>
    </developer>
  </developers>
  <properties>
    <maven.compiler.source>1.8</maven.compiler.source>
    <maven.compiler.target>1.8</maven.compiler.target>
    <encoding>UTF-8</encoding>
  </properties>
  <build>
    <sourceDirectory>src</sourceDirectory>
    <plugins>
      <plugin>
        <groupId>org.codehaus.mojo</groupId>
        <artifactId>build-helper-maven-plugin</artifactId>
        <version>1.7</version>
        <executions>
          <execution>
            <id>attach-models</id>
            <phase>package</phase>
            <goals>
              <goal>attach-artifact</goal>
            </goals>
            <configuration>
              <artifacts>
                <artifact>
                  <file>${project.basedir}/stanford-corenlp-4.0.0-models.jar</file>
                  <type>jar</type>
                  <classifier>models</classifier>
                </artifact>
              </artifacts>
            </configuration>
          </execution>
        </executions>
      </plugin>
    </plugins>
  </build>
</project>
